<?xml version="1.0" encoding="UTF-8"?>
<classpath>
	<classpathentry kind="con" path="org.eclipse.jdt.launching.JRE_CONTAINER/org.eclipse.jdt.internal.debug.ui.launcher.StandardVMType/JavaSE-1.8">
		<attributes>
			<attribute name="maven.pomderived" value="true"/>
		</attributes>
	</classpathentry>
	<classpathentry kind="src" output="target/classes" path="src">
		<attributes>
			<attribute name="optional" value="true"/>
			<attribute name="maven.pomderived" value="true"/>
		</attributes>
	</classpathentry>
	<classpathentry kind="src" path="features"/>
	<classpathentry kind="con" path="org.eclipse.m2e.MAVEN2_CLASSPATH_CONTAINER">
		<attributes>
			<attribute name="maven.pomderived" value="true"/>
		</attributes>
	</classpathentry>
	<classpathentry kind="lib" path="D:/Yogini Naik/MavenProjectRepository/info/cukes/cucumber-java/1.2.0/cucumber-java-1.2.0.jar" sourcepath="D:/Yogini Naik/MavenProjectRepository/info/cukes/cucumber-java/1.2.0/cucumber-java-1.2.0-sources.jar">
		<attributes>
			<attribute name="maven.pomderived" value="true"/>
			<attribute name="maven.groupId" value="info.cukes"/>
			<attribute name="maven.artifactId" value="cucumber-java"/>
			<attribute name="maven.version" value="1.2.0"/>
			<attribute name="maven.scope" value="compile"/>
		</attributes>
	</classpathentry>
	<classpathentry kind="output" path="target/classes"/>
</classpath>
