[
  {
    "line": 1,
    "elements": [
      {
        "before": [
          {
            "result": {
              "duration": 282454,
              "status": "passed"
            },
            "match": {
              "location": "PaymentDetailsStepDefination.setUpStepEnv()"
            }
          },
          {
            "result": {
              "duration": 254294,
              "status": "passed"
            },
            "match": {
              "location": "ConferenceRegistrationStepDefination.setUpStepEnv()"
            }
          }
        ],
        "line": 4,
        "name": "Invalid FirstName",
        "description": "",
        "id": "conference-registration;invalid-firstname",
        "type": "scenario",
        "keyword": "Scenario",
        "steps": [
          {
            "result": {
              "duration": 6306207538,
              "status": "passed"
            },
            "line": 6,
            "name": "User is on \u0027ConferenceRegistration\u0027 Page",
            "match": {
              "location": "ConferenceRegistrationStepDefination.user_is_on_ConferenceRegistration_Page()"
            },
            "keyword": "Given "
          },
          {
            "result": {
              "duration": 155969906,
              "status": "passed"
            },
            "line": 7,
            "name": "user enetrs invalid firstName",
            "match": {
              "location": "ConferenceRegistrationStepDefination.user_enetrs_invalid_firstName()"
            },
            "keyword": "When "
          },
          {
            "result": {
              "duration": 582414825,
              "status": "passed"
            },
            "line": 8,
            "name": "display \u0027Please fill the First Name\u0027",
            "match": {
              "location": "ConferenceRegistrationStepDefination.display_Please_fill_the_First_Name()"
            },
            "keyword": "Then "
          }
        ],
        "tags": [
          {
            "line": 3,
            "name": "@execute"
          }
        ]
      },
      {
        "before": [
          {
            "result": {
              "duration": 39680,
              "status": "passed"
            },
            "match": {
              "location": "PaymentDetailsStepDefination.setUpStepEnv()"
            }
          },
          {
            "result": {
              "duration": 27734,
              "status": "passed"
            },
            "match": {
              "location": "ConferenceRegistrationStepDefination.setUpStepEnv()"
            }
          }
        ],
        "line": 11,
        "name": "Invalid LastName",
        "description": "",
        "id": "conference-registration;invalid-lastname",
        "type": "scenario",
        "keyword": "Scenario",
        "steps": [
          {
            "result": {
              "duration": 5509854519,
              "status": "passed"
            },
            "line": 12,
            "name": "User is on \u0027ConferenceRegistration\u0027 Page",
            "match": {
              "location": "ConferenceRegistrationStepDefination.user_is_on_ConferenceRegistration_Page()"
            },
            "keyword": "Given "
          },
          {
            "result": {
              "duration": 251554028,
              "status": "passed"
            },
            "line": 13,
            "name": "user enetrs invalid lastName",
            "match": {
              "location": "ConferenceRegistrationStepDefination.user_enetrs_invalid_lastName()"
            },
            "keyword": "When "
          },
          {
            "result": {
              "duration": 722273778,
              "status": "passed"
            },
            "line": 14,
            "name": "display \u0027Please fill the Last Name\u0027",
            "match": {
              "location": "ConferenceRegistrationStepDefination.display_Please_fill_the_Last_Name()"
            },
            "keyword": "Then "
          }
        ],
        "tags": [
          {
            "line": 10,
            "name": "@execute"
          }
        ]
      },
      {
        "before": [
          {
            "result": {
              "duration": 85333,
              "status": "passed"
            },
            "match": {
              "location": "PaymentDetailsStepDefination.setUpStepEnv()"
            }
          },
          {
            "result": {
              "duration": 52054,
              "status": "passed"
            },
            "match": {
              "location": "ConferenceRegistrationStepDefination.setUpStepEnv()"
            }
          }
        ],
        "line": 17,
        "name": "Invalid Email",
        "description": "",
        "id": "conference-registration;invalid-email",
        "type": "scenario",
        "keyword": "Scenario",
        "steps": [
          {
            "result": {
              "duration": 9953171567,
              "status": "passed"
            },
            "line": 19,
            "name": "User is on \u0027ConferenceRegistration\u0027 Page",
            "match": {
              "location": "ConferenceRegistrationStepDefination.user_is_on_ConferenceRegistration_Page()"
            },
            "keyword": "Given "
          },
          {
            "result": {
              "duration": 537232901,
              "status": "passed"
            },
            "line": 20,
            "name": "user enetrs invalid email",
            "match": {
              "location": "ConferenceRegistrationStepDefination.user_enetrs_invalid_email()"
            },
            "keyword": "When "
          },
          {
            "result": {
              "duration": 770179119,
              "status": "passed"
            },
            "line": 21,
            "name": "display \u0027Please fill the Email\u0027",
            "match": {
              "location": "ConferenceRegistrationStepDefination.display_Please_fill_the_Email()"
            },
            "keyword": "Then "
          }
        ],
        "tags": [
          {
            "line": 16,
            "name": "@execute"
          }
        ]
      },
      {
        "before": [
          {
            "result": {
              "duration": 30293,
              "status": "passed"
            },
            "match": {
              "location": "PaymentDetailsStepDefination.setUpStepEnv()"
            }
          },
          {
            "result": {
              "duration": 37547,
              "status": "passed"
            },
            "match": {
              "location": "ConferenceRegistrationStepDefination.setUpStepEnv()"
            }
          }
        ],
        "line": 25,
        "name": "Invalid contact Number",
        "description": "",
        "id": "conference-registration;invalid-contact-number",
        "type": "scenario",
        "keyword": "Scenario",
        "steps": [
          {
            "result": {
              "duration": 8438040454,
              "status": "passed"
            },
            "line": 27,
            "name": "User is on \u0027ConferenceRegistration\u0027 Page",
            "match": {
              "location": "ConferenceRegistrationStepDefination.user_is_on_ConferenceRegistration_Page()"
            },
            "keyword": "Given "
          },
          {
            "result": {
              "duration": 645954533,
              "status": "passed"
            },
            "line": 28,
            "name": "user enetrs invalid contact number",
            "match": {
              "location": "ConferenceRegistrationStepDefination.user_enetrs_invalid_contact_number()"
            },
            "keyword": "When "
          },
          {
            "result": {
              "duration": 2457413279,
              "status": "passed"
            },
            "line": 29,
            "name": "display \u0027Please fill valid Contact no.\u0027",
            "match": {
              "location": "ConferenceRegistrationStepDefination.display_Please_fill_valid_Contact_no()"
            },
            "keyword": "Then "
          }
        ],
        "tags": [
          {
            "line": 24,
            "name": "@execute"
          }
        ]
      },
      {
        "before": [
          {
            "result": {
              "duration": 50773,
              "status": "passed"
            },
            "match": {
              "location": "PaymentDetailsStepDefination.setUpStepEnv()"
            }
          },
          {
            "result": {
              "duration": 43946,
              "status": "passed"
            },
            "match": {
              "location": "ConferenceRegistrationStepDefination.setUpStepEnv()"
            }
          }
        ],
        "line": 33,
        "name": "Invalid Number of People attending",
        "description": "",
        "id": "conference-registration;invalid-number-of-people-attending",
        "type": "scenario",
        "keyword": "Scenario",
        "steps": [
          {
            "result": {
              "duration": 8565333203,
              "status": "passed"
            },
            "line": 35,
            "name": "User is on \u0027ConferenceRegistration\u0027 Page",
            "match": {
              "location": "ConferenceRegistrationStepDefination.user_is_on_ConferenceRegistration_Page()"
            },
            "keyword": "Given "
          },
          {
            "result": {
              "duration": 689167389,
              "status": "passed"
            },
            "line": 36,
            "name": "user enetrs invalid Number of People attending",
            "match": {
              "location": "ConferenceRegistrationStepDefination.user_enetrs_invalid_Number_of_People_attending()"
            },
            "keyword": "When "
          },
          {
            "result": {
              "duration": 1013423377,
              "status": "passed"
            },
            "line": 37,
            "name": "display \u0027Number of people attending\u0027",
            "match": {
              "location": "ConferenceRegistrationStepDefination.display_Number_of_people_attending()"
            },
            "keyword": "Then "
          }
        ],
        "tags": [
          {
            "line": 32,
            "name": "@execute"
          }
        ]
      },
      {
        "before": [
          {
            "result": {
              "duration": 37973,
              "status": "passed"
            },
            "match": {
              "location": "PaymentDetailsStepDefination.setUpStepEnv()"
            }
          },
          {
            "result": {
              "duration": 34560,
              "status": "passed"
            },
            "match": {
              "location": "ConferenceRegistrationStepDefination.setUpStepEnv()"
            }
          }
        ],
        "line": 40,
        "name": "Invalid Building name and room no",
        "description": "",
        "id": "conference-registration;invalid-building-name-and-room-no",
        "type": "scenario",
        "keyword": "Scenario",
        "steps": [
          {
            "result": {
              "duration": 9254825286,
              "status": "passed"
            },
            "line": 42,
            "name": "User is on \u0027ConferenceRegistration\u0027 Page",
            "match": {
              "location": "ConferenceRegistrationStepDefination.user_is_on_ConferenceRegistration_Page()"
            },
            "keyword": "Given "
          },
          {
            "result": {
              "duration": 831968211,
              "status": "passed"
            },
            "line": 43,
            "name": "user enetrs invalid Building name and room no",
            "match": {
              "location": "ConferenceRegistrationStepDefination.user_enetrs_invalid_Building_name_and_room_no()"
            },
            "keyword": "When "
          },
          {
            "result": {
              "duration": 810567437,
              "status": "passed"
            },
            "line": 44,
            "name": "display \u0027Please fill Building name and room no\u0027",
            "match": {
              "location": "ConferenceRegistrationStepDefination.display_Please_fill_Building_name_and_room_no()"
            },
            "keyword": "Then "
          }
        ],
        "tags": [
          {
            "line": 39,
            "name": "@execute"
          }
        ]
      },
      {
        "before": [
          {
            "result": {
              "duration": 59306,
              "status": "passed"
            },
            "match": {
              "location": "PaymentDetailsStepDefination.setUpStepEnv()"
            }
          },
          {
            "result": {
              "duration": 185173,
              "status": "passed"
            },
            "match": {
              "location": "ConferenceRegistrationStepDefination.setUpStepEnv()"
            }
          }
        ],
        "line": 47,
        "name": "Invalid Area name",
        "description": "",
        "id": "conference-registration;invalid-area-name",
        "type": "scenario",
        "keyword": "Scenario",
        "steps": [
          {
            "result": {
              "duration": 7835081175,
              "status": "passed"
            },
            "line": 49,
            "name": "User is on \u0027ConferenceRegistration\u0027 Page",
            "match": {
              "location": "ConferenceRegistrationStepDefination.user_is_on_ConferenceRegistration_Page()"
            },
            "keyword": "Given "
          },
          {
            "result": {
              "duration": 1113241745,
              "status": "passed"
            },
            "line": 50,
            "name": "user enetrs invalid Area name",
            "match": {
              "location": "ConferenceRegistrationStepDefination.user_enetrs_invalid_Area_name()"
            },
            "keyword": "When "
          },
          {
            "result": {
              "duration": 625927201,
              "status": "passed"
            },
            "line": 51,
            "name": "display \u0027Please fill Area name\u0027",
            "match": {
              "location": "ConferenceRegistrationStepDefination.display_Please_fill_Area_name()"
            },
            "keyword": "Then "
          }
        ],
        "tags": [
          {
            "line": 46,
            "name": "@execute"
          }
        ]
      },
      {
        "before": [
          {
            "result": {
              "duration": 37120,
              "status": "passed"
            },
            "match": {
              "location": "PaymentDetailsStepDefination.setUpStepEnv()"
            }
          },
          {
            "result": {
              "duration": 43947,
              "status": "passed"
            },
            "match": {
              "location": "ConferenceRegistrationStepDefination.setUpStepEnv()"
            }
          }
        ],
        "line": 55,
        "name": "Invalid City",
        "description": "",
        "id": "conference-registration;invalid-city",
        "type": "scenario",
        "keyword": "Scenario",
        "steps": [
          {
            "result": {
              "duration": 5167957122,
              "status": "passed"
            },
            "line": 57,
            "name": "User is on \u0027ConferenceRegistration\u0027 Page",
            "match": {
              "location": "ConferenceRegistrationStepDefination.user_is_on_ConferenceRegistration_Page()"
            },
            "keyword": "Given "
          },
          {
            "result": {
              "duration": 1180276711,
              "status": "passed"
            },
            "line": 58,
            "name": "user enetrs invalid City",
            "match": {
              "location": "ConferenceRegistrationStepDefination.user_enetrs_invalid_City()"
            },
            "keyword": "When "
          },
          {
            "result": {
              "duration": 2674427743,
              "status": "passed"
            },
            "line": 59,
            "name": "display \u0027Please fill City\u0027",
            "match": {
              "location": "ConferenceRegistrationStepDefination.display_Please_fill_City()"
            },
            "keyword": "Then "
          }
        ],
        "tags": [
          {
            "line": 54,
            "name": "@execute"
          }
        ]
      },
      {
        "before": [
          {
            "result": {
              "duration": 129706,
              "status": "passed"
            },
            "match": {
              "location": "PaymentDetailsStepDefination.setUpStepEnv()"
            }
          },
          {
            "result": {
              "duration": 105813,
              "status": "passed"
            },
            "match": {
              "location": "ConferenceRegistrationStepDefination.setUpStepEnv()"
            }
          }
        ],
        "line": 62,
        "name": "Invalid State",
        "description": "",
        "id": "conference-registration;invalid-state",
        "type": "scenario",
        "keyword": "Scenario",
        "steps": [
          {
            "result": {
              "duration": 4305081991,
              "status": "passed"
            },
            "line": 64,
            "name": "User is on \u0027ConferenceRegistration\u0027 Page",
            "match": {
              "location": "ConferenceRegistrationStepDefination.user_is_on_ConferenceRegistration_Page()"
            },
            "keyword": "Given "
          },
          {
            "result": {
              "duration": 1246358075,
              "status": "passed"
            },
            "line": 65,
            "name": "user enetrs invalid State",
            "match": {
              "location": "ConferenceRegistrationStepDefination.user_enetrs_invalid_State()"
            },
            "keyword": "When "
          },
          {
            "result": {
              "duration": 709355148,
              "status": "passed"
            },
            "line": 66,
            "name": "display \u0027Please fill the State\u0027",
            "match": {
              "location": "ConferenceRegistrationStepDefination.display_Please_fill_the_State()"
            },
            "keyword": "Then "
          }
        ],
        "tags": [
          {
            "line": 61,
            "name": "@execute"
          }
        ]
      },
      {
        "before": [
          {
            "result": {
              "duration": 55467,
              "status": "passed"
            },
            "match": {
              "location": "PaymentDetailsStepDefination.setUpStepEnv()"
            }
          },
          {
            "result": {
              "duration": 41387,
              "status": "passed"
            },
            "match": {
              "location": "ConferenceRegistrationStepDefination.setUpStepEnv()"
            }
          }
        ],
        "line": 69,
        "name": "Invalid Member Status",
        "description": "",
        "id": "conference-registration;invalid-member-status",
        "type": "scenario",
        "keyword": "Scenario",
        "steps": [
          {
            "result": {
              "duration": 10944549049,
              "status": "passed"
            },
            "line": 71,
            "name": "User is on \u0027ConferenceRegistration\u0027 Page",
            "match": {
              "location": "ConferenceRegistrationStepDefination.user_is_on_ConferenceRegistration_Page()"
            },
            "keyword": "Given "
          },
          {
            "result": {
              "duration": 1626462242,
              "status": "passed"
            },
            "line": 72,
            "name": "user enetrs invalid Member Status",
            "match": {
              "location": "ConferenceRegistrationStepDefination.user_enetrs_invalid_Member_Status()"
            },
            "keyword": "When "
          },
          {
            "result": {
              "duration": 1011986362,
              "status": "passed"
            },
            "line": 73,
            "name": "display \u0027Please fill the Member Status\u0027",
            "match": {
              "location": "ConferenceRegistrationStepDefination.display_Please_fill_the_Member_Status()"
            },
            "keyword": "Then "
          }
        ],
        "tags": [
          {
            "line": 68,
            "name": "@execute"
          }
        ]
      },
      {
        "before": [
          {
            "result": {
              "duration": 30294,
              "status": "passed"
            },
            "match": {
              "location": "PaymentDetailsStepDefination.setUpStepEnv()"
            }
          },
          {
            "result": {
              "duration": 24747,
              "status": "passed"
            },
            "match": {
              "location": "ConferenceRegistrationStepDefination.setUpStepEnv()"
            }
          }
        ],
        "line": 76,
        "name": "Valid Details",
        "description": "",
        "id": "conference-registration;valid-details",
        "type": "scenario",
        "keyword": "Scenario",
        "steps": [
          {
            "result": {
              "duration": 9349003966,
              "status": "passed"
            },
            "line": 78,
            "name": "User is on \u0027ConferenceRegistration\u0027 Page",
            "match": {
              "location": "ConferenceRegistrationStepDefination.user_is_on_ConferenceRegistration_Page()"
            },
            "keyword": "Given "
          },
          {
            "result": {
              "duration": 2101530156,
              "status": "passed"
            },
            "line": 79,
            "name": "user enters valid details",
            "match": {
              "location": "ConferenceRegistrationStepDefination.user_enters_valid_details()"
            },
            "keyword": "When "
          },
          {
            "result": {
              "duration": 775840566,
              "status": "passed"
            },
            "line": 80,
            "name": "display \u0027Personal details are validated\u0027",
            "match": {
              "location": "ConferenceRegistrationStepDefination.display_Personal_details_are_validated()"
            },
            "keyword": "Then "
          }
        ],
        "tags": [
          {
            "line": 75,
            "name": "@execute"
          }
        ]
      },
      {
        "before": [
          {
            "result": {
              "duration": 67413,
              "status": "passed"
            },
            "match": {
              "location": "PaymentDetailsStepDefination.setUpStepEnv()"
            }
          },
          {
            "result": {
              "duration": 37120,
              "status": "passed"
            },
            "match": {
              "location": "ConferenceRegistrationStepDefination.setUpStepEnv()"
            }
          }
        ],
        "line": 83,
        "name": "Page loads",
        "description": "",
        "id": "conference-registration;page-loads",
        "type": "scenario",
        "keyword": "Scenario",
        "steps": [
          {
            "result": {
              "duration": 8592652278,
              "status": "passed"
            },
            "line": 85,
            "name": "User is on \u0027ConferenceRegistration\u0027 Page",
            "match": {
              "location": "ConferenceRegistrationStepDefination.user_is_on_ConferenceRegistration_Page()"
            },
            "keyword": "Given "
          },
          {
            "result": {
              "duration": 29440,
              "status": "passed"
            },
            "line": 86,
            "name": "user enetrs url",
            "match": {
              "location": "ConferenceRegistrationStepDefination.user_enetrs_url()"
            },
            "keyword": "When "
          },
          {
            "result": {
              "duration": 739890867,
              "status": "passed"
            },
            "line": 87,
            "name": "page should be loaded",
            "match": {
              "location": "ConferenceRegistrationStepDefination.page_should_be_loaded()"
            },
            "keyword": "Then "
          }
        ],
        "tags": [
          {
            "line": 82,
            "name": "@execute"
          }
        ]
      }
    ],
    "name": "Conference Registration",
    "description": "",
    "id": "conference-registration",
    "keyword": "Feature",
    "uri": "conferenceRegistration.feature"
  },
  {
    "line": 1,
    "elements": [
      {
        "before": [
          {
            "result": {
              "duration": 30293,
              "status": "passed"
            },
            "match": {
              "location": "PaymentDetailsStepDefination.setUpStepEnv()"
            }
          },
          {
            "result": {
              "duration": 26027,
              "status": "passed"
            },
            "match": {
              "location": "ConferenceRegistrationStepDefination.setUpStepEnv()"
            }
          }
        ],
        "line": 4,
        "name": "Valid Title",
        "description": "",
        "id": "payment-details;valid-title",
        "type": "scenario",
        "keyword": "Scenario",
        "steps": [
          {
            "result": {
              "duration": 4566567979,
              "status": "passed"
            },
            "line": 6,
            "name": "user is on Payment Details page",
            "match": {
              "location": "PaymentDetailsStepDefination.user_is_on_Payment_Details_page()"
            },
            "keyword": "Given "
          },
          {
            "result": {
              "duration": 29867,
              "status": "passed"
            },
            "line": 7,
            "name": "user enters loads the page",
            "match": {
              "location": "PaymentDetailsStepDefination.user_enters_loads_the_page()"
            },
            "keyword": "When "
          },
          {
            "result": {
              "duration": 643241783,
              "status": "passed"
            },
            "line": 8,
            "name": "valid page should open",
            "match": {
              "location": "PaymentDetailsStepDefination.valid_page_should_open()"
            },
            "keyword": "Then "
          }
        ],
        "tags": [
          {
            "line": 3,
            "name": "@execute"
          }
        ]
      },
      {
        "before": [
          {
            "result": {
              "duration": 67413,
              "status": "passed"
            },
            "match": {
              "location": "PaymentDetailsStepDefination.setUpStepEnv()"
            }
          },
          {
            "result": {
              "duration": 64000,
              "status": "passed"
            },
            "match": {
              "location": "ConferenceRegistrationStepDefination.setUpStepEnv()"
            }
          }
        ],
        "line": 11,
        "name": "Invalid cardHolder name",
        "description": "",
        "id": "payment-details;invalid-cardholder-name",
        "type": "scenario",
        "keyword": "Scenario",
        "steps": [
          {
            "result": {
              "duration": 3097530578,
              "status": "passed"
            },
            "line": 13,
            "name": "user is on Payment Details page",
            "match": {
              "location": "PaymentDetailsStepDefination.user_is_on_Payment_Details_page()"
            },
            "keyword": "Given "
          },
          {
            "result": {
              "duration": 168111575,
              "status": "passed"
            },
            "line": 14,
            "name": "user enters invalid name",
            "match": {
              "location": "PaymentDetailsStepDefination.user_enters_invalid_name()"
            },
            "keyword": "When "
          },
          {
            "result": {
              "duration": 594915321,
              "status": "passed"
            },
            "line": 15,
            "name": "displays \u0027Please fill name\u0027",
            "match": {
              "location": "PaymentDetailsStepDefination.displays_Please_fill_name()"
            },
            "keyword": "Then "
          }
        ],
        "tags": [
          {
            "line": 10,
            "name": "@execute"
          }
        ]
      },
      {
        "before": [
          {
            "result": {
              "duration": 36694,
              "status": "passed"
            },
            "match": {
              "location": "PaymentDetailsStepDefination.setUpStepEnv()"
            }
          },
          {
            "result": {
              "duration": 29867,
              "status": "passed"
            },
            "match": {
              "location": "ConferenceRegistrationStepDefination.setUpStepEnv()"
            }
          }
        ],
        "line": 18,
        "name": "Invalid Debit Card Number",
        "description": "",
        "id": "payment-details;invalid-debit-card-number",
        "type": "scenario",
        "keyword": "Scenario",
        "steps": [
          {
            "result": {
              "duration": 3882078142,
              "status": "passed"
            },
            "line": 20,
            "name": "user is on Payment Details page",
            "match": {
              "location": "PaymentDetailsStepDefination.user_is_on_Payment_Details_page()"
            },
            "keyword": "Given "
          },
          {
            "result": {
              "duration": 203399514,
              "status": "passed"
            },
            "line": 21,
            "name": "user enters invalid Debit Card Number",
            "match": {
              "location": "PaymentDetailsStepDefination.user_enters_invalid_Debit_Card_Number()"
            },
            "keyword": "When "
          },
          {
            "result": {
              "duration": 894857679,
              "status": "passed"
            },
            "line": 22,
            "name": "displays \u0027Please fill Debit Card Number\u0027",
            "match": {
              "location": "PaymentDetailsStepDefination.displays_Please_fill_Debit_Card_Number()"
            },
            "keyword": "Then "
          }
        ],
        "tags": [
          {
            "line": 17,
            "name": "@execute"
          }
        ]
      },
      {
        "before": [
          {
            "result": {
              "duration": 1317975,
              "status": "passed"
            },
            "match": {
              "location": "PaymentDetailsStepDefination.setUpStepEnv()"
            }
          },
          {
            "result": {
              "duration": 994561,
              "status": "passed"
            },
            "match": {
              "location": "ConferenceRegistrationStepDefination.setUpStepEnv()"
            }
          }
        ],
        "line": 26,
        "name": "Invalid expiration month",
        "description": "",
        "id": "payment-details;invalid-expiration-month",
        "type": "scenario",
        "keyword": "Scenario",
        "steps": [
          {
            "result": {
              "duration": 4420066671,
              "status": "passed"
            },
            "line": 28,
            "name": "user is on Payment Details page",
            "match": {
              "location": "PaymentDetailsStepDefination.user_is_on_Payment_Details_page()"
            },
            "keyword": "Given "
          },
          {
            "result": {
              "duration": 487485211,
              "status": "passed"
            },
            "line": 29,
            "name": "user enters invalid expiration month",
            "match": {
              "location": "PaymentDetailsStepDefination.user_enters_invalid_expiration_month()"
            },
            "keyword": "When "
          },
          {
            "result": {
              "duration": 498282877,
              "status": "passed"
            },
            "line": 30,
            "name": "displays \u0027Please fill expiration month\u0027",
            "match": {
              "location": "PaymentDetailsStepDefination.displays_Please_fill_expiration_month()"
            },
            "keyword": "Then "
          }
        ],
        "tags": [
          {
            "line": 25,
            "name": "@execute"
          }
        ]
      },
      {
        "before": [
          {
            "result": {
              "duration": 211627,
              "status": "passed"
            },
            "match": {
              "location": "PaymentDetailsStepDefination.setUpStepEnv()"
            }
          },
          {
            "result": {
              "duration": 57173,
              "status": "passed"
            },
            "match": {
              "location": "ConferenceRegistrationStepDefination.setUpStepEnv()"
            }
          }
        ],
        "line": 33,
        "name": "Invalid expiration year",
        "description": "",
        "id": "payment-details;invalid-expiration-year",
        "type": "scenario",
        "keyword": "Scenario",
        "steps": [
          {
            "result": {
              "duration": 4571750278,
              "status": "passed"
            },
            "line": 35,
            "name": "user is on Payment Details page",
            "match": {
              "location": "PaymentDetailsStepDefination.user_is_on_Payment_Details_page()"
            },
            "keyword": "Given "
          },
          {
            "result": {
              "duration": 526666060,
              "status": "passed"
            },
            "line": 36,
            "name": "user enters invalid expiration year",
            "match": {
              "location": "PaymentDetailsStepDefination.user_enters_invalid_expiration_year()"
            },
            "keyword": "When "
          },
          {
            "result": {
              "duration": 574182281,
              "status": "passed"
            },
            "line": 37,
            "name": "displays \u0027Please fill expiration year\u0027",
            "match": {
              "location": "PaymentDetailsStepDefination.displays_Please_fill_expiration_year()"
            },
            "keyword": "Then "
          }
        ],
        "tags": [
          {
            "line": 32,
            "name": "@execute"
          }
        ]
      },
      {
        "before": [
          {
            "result": {
              "duration": 34133,
              "status": "passed"
            },
            "match": {
              "location": "PaymentDetailsStepDefination.setUpStepEnv()"
            }
          },
          {
            "result": {
              "duration": 25600,
              "status": "passed"
            },
            "match": {
              "location": "ConferenceRegistrationStepDefination.setUpStepEnv()"
            }
          }
        ],
        "line": 40,
        "name": "Valid details",
        "description": "",
        "id": "payment-details;valid-details",
        "type": "scenario",
        "keyword": "Scenario",
        "steps": [
          {
            "result": {
              "duration": 5164282237,
              "status": "passed"
            },
            "line": 42,
            "name": "user is on Payment Details page",
            "match": {
              "location": "PaymentDetailsStepDefination.user_is_on_Payment_Details_page()"
            },
            "keyword": "Given "
          },
          {
            "result": {
              "duration": 679220069,
              "status": "passed"
            },
            "line": 43,
            "name": "user enters valid  payment details",
            "match": {
              "location": "PaymentDetailsStepDefination.user_enters_valid_payment_details()"
            },
            "keyword": "When "
          },
          {
            "result": {
              "duration": 804125616,
              "status": "passed"
            },
            "line": 44,
            "name": "displays \u0027Conference Room Booking successfully done!!!\u0027",
            "match": {
              "location": "PaymentDetailsStepDefination.displays_Conference_Room_Booking_successfully_done()"
            },
            "keyword": "Then "
          }
        ],
        "tags": [
          {
            "line": 39,
            "name": "@execute"
          }
        ]
      }
    ],
    "name": "Payment Details",
    "description": "",
    "id": "payment-details",
    "keyword": "Feature",
    "uri": "paymentDetails.feature"
  }
]